DE8E2DB54A15152B670A33366C231CC8C9F06BC7B46D0247A91C8FC665C13D0E,D5065D25CFD5D886C93B7DFD56ECF08DC9F06BC7B46D0247A91C8FC665C13D0E
1C2CA98AE61AEE4228344C5D79362EB8C2BA1BC54B239208CB37B901C0D3B363,C41637EC0C1A900929B6088C1165DC20C2BA1BC54B239208CB37B901C0D3B363
4763C2CA62139910FF2C5ABD0A64B3EA25EF0D887BC7A2B30089A025618E1C62,F8FFDB828EAE7BA956FD94019015118E25EF0D887BC7A2B30089A025618E1C62
AE1F8E6D8183CC2D607813B77E56BD87D0B9A6A56CA7FD6EBAD617BCDA8365A6,10ACDFFBEB5905164B11F8BD515A0D18D0B9A6A56CA7FD6EBAD617BCDA8365A6
FDC11C149B570946DA5CF48ECC4EFD3639D0A8908FBE6C18039EA8227F827023,C37F8EF64E22B53F546929C0C72B953A39D0A8908FBE6C18039EA8227F827023
BBFF5A5AEFA73C3C8AF902DD02726DC1A5B068D96A26BAA253AA3DD0894D7607,CBE7E335754CDE204ECFC39510E6FCD1A5B068D96A26BAA253AA3DD0894D7607
47D06C1B5E291740A623700A4931202E96BA4A06BAE961ABBFB783D9D715150C,6D1BD49BE12DDCF6E8D7D8A6B1A6481096BA4A06BAE961ABBFB783D9D715150C
194925E15BB681F7F086B2A6BF3FF9FFB1B0EF5BA6B569680ECE2FAE998C4D0A,9514A04D95A40AA1ECAF5887ECD708E0B1B0EF5BA6B569680ECE2FAE998C4D0A
A10E3EEA33D60A011D887C746F99F6DB6ABBA5D8AB1F4F32243E174BEB754661,93CC80D239436A873275B201C605548D6ABBA5D8AB1F4F32243E174BEB754661
A5F0B91453A5368A308F184F3BCF5473E234E195F3789F05483378C397DB1CB5,52A4D0B00096101553F2011654F059A8E234E195F3789F05483378C397DB1CB5
96E7022C14F07CF90CCD154EA752577BDD9723ECC8E1583B290E0E93F7FA1198,90297A96BC3205299E467C67B4296886DD9723ECC8E1583B290E0E93F7FA1198
9CFAEE46544FD3347F88B0752DBDEA78A57D48399922B03419153A9760C5CE53,E41FE06568145F40D0724C4A104AA0C1A57D48399922B03419153A9760C5CE53
45C0FB39CF237C934F02779829D12E183334386D96E1474162C8B459DD802706,01F0A8405E0B13B0B8B711420F06BA485538AA8FDCB1AB7D32E95B774CC72DB5
0A07B1D08F4B5BECAE30BAF0EC121A97400E5E6A7CE0C754F281525FAE75A873,A5E8A1B8F7B0F7FCE50C8D5CE924158C6E88EC1459F337D5BEA6353F8BFF8026
D70CD8538454707E3279321E51DF42A04C26774D852F62440FC746EA4CDD57F6,C57774E09026299C9A5D8C111FC5E15C4C26774D852F62440FC746EA4CDD57F6
40A2069759BC9648AE6A1FFDFF797201B55C86AF1C55672A8792354910CD548D,45D382E19E67AD04E476F15609D9E582B55C86AF1C55672A8792354910CD548D
B7A577893113437EDF24C1F78A58B73109A8A8976ABCDFDEE15128B4CC02F33A,73EA1648931E8CC6DA00F83FA9F5A0C009A8A8976ABCDFDEE15128B4CC02F33A
D44AC1B21914CE290D503911C7D0E8382E9FCD6FD4B51D718872C02272648444,5D8A29D9A714FAC112A26EFDA623B9812E9FCD6FD4B51D718872C02272648444
BE5575D3E4FA145C9818BC8AA07E45301FEB4CDDA5AAFE2A48CBE27544CD8E4B,486095930B345FFD9ED758445E1303F91FEB4CDDA5AAFE2A48CBE27544CD8E4B
D300AED7C399E40C950302DF4976A797C42F76F3B235E177ED57983B6721D0F3,B163DECD5372EAC79BC0C62A66A033B4C42F76F3B235E177ED57983B6721D0F3
080A51358AB1F82347A419B1082D2D79F9BB70ABD71AC32FB2AED7673C51FC5C,E6F5EF0D8109CFE2EE3CE13E12E3F8B15A0B8489CE264D4FF8DAC4CCE46FF8A0
EA361FBCAD82DC0873CF84692A8B59025739FB4E82ED5366680B13441C6ADEB4,A21C43C061B6D5DC51358E92C469801B7D2BE41B1BDE6FF8FE45150C37488EBB
6D1B4577036BB949B3C5D128503FE27CCECD845E3577EFDAAF24EEA03AF4C033,BAA0F27B12258508E9C8B5902E819E2C6BA1085B788407963FE0E89C699A7396
01A01ED77B83149F58C3BC1AB58C1D2F664DD858DB942CAD06F24FF25DF56716,CB7F70278B8EC3DF1D02C9F312D3BA32664DD858DB942CAD06F24FF25DF56716
01C00F55E6A2BCFFE1840BE5435C3E765A794DA4F056DCD732EB706E9EF991D7,2FC54A94ABB33BE2EDDEB38756C136825A794DA4F056DCD732EB706E9EF991D7
87BA3F6C57CAD9A32A9D8DC455F36B692D5D4CF93CCF992B3FE617B32B8296A3,881AF4229232C62ECB70EF063C188B532D5D4CF93CCF992B3FE617B32B8296A3
47C7A2C4F8FBC72CD5C985E118B209CF4DBF29D90D5780CAB50897FB955E4373,DFED388EB41DFC451252B5DA00D125E3AFAB3E9707435D6B0888B566D7AD3FF8
6F291E84B1F68F1E6390ABAB3B06B80762000DEE5A05A6A71DE3A6127A68778A,6095FCEC2558E2388AC412A2B12EE87462000DEE5A05A6A71DE3A6127A68778A
7B3B39B8CCEC90CBFC6941968D7C89B183DDFBD1C4F871159C148D7A010E69BE,DB20F2E904347CF87D64625AA2BBB93F83DDFBD1C4F871159C148D7A010E69BE
A4229DD6106764889CD53B13948D84053B5E2C9BE5002E87E0477099DB5FF21B,22638D6F8AC58CD5C55B208A34AB008B3B5E2C9BE5002E87E0477099DB5FF21B
99D4DF6305CE72CB54C77B45640E16185C2E4C80EECDE1E0C37BDF00F84A9DD1,4AD10641EF1F21B933AE843E2491BB4C5C2E4C80EECDE1E0C37BDF00F84A9DD1
9AF35208CBB215E0D9CEE1EAE9963647C2DDC87B68FED4F62A29C1FF816F58B0,7F445030A807D89146BC69F5208AF83FC2DDC87B68FED4F62A29C1FF816F58B0
BAD0DB9D5D4805F35F334ADCDE206AA8F96F9BE4A7F4FA8AD6803378E0529EBC,624EFED2932B8E294374BFEA174851C0F96F9BE4A7F4FA8AD6803378E0529EBC
1A377B8E26DD26F4107763B67A83B470DC727151E5D55DDE1E950767CF861CA5,73D99D8DE29E50069CFBD7F3DC71BF85DC727151E5D55DDE1E950767CF861CA5
BCE540E0956FCF1822F3C06E52969889DE4D0312514A1D471F10EA909A589A32,01AAD896D6A8AA44C1E7B0BC4275F50DDE4D0312514A1D471F10EA909A589A32
8511D4B8C922004FB82227BEA37AE707544DEFA9FDDFF50C53B71C43E0DA72BE,1EC501D491DAFA29D86130FD7AE940B8544DEFA9FDDFF50C53B71C43E0DA72BE
41AAA927A10DE9CEDC132593514CF9F939D352B0395BA768E18F042C6E2A8621,967578C53C63E2E4B6A95EE79550E52A39D352B0395BA768E18F042C6E2A8621
A589E7278C8237449CBA77273AD351521AA3D9C6CE672447E1E5D0F1B5207E85,60945FC35C5304E6C353713F76D4DF011AA3D9C6CE672447E1E5D0F1B5207E85
3A02252CC6BE32802E9BA19937F77A7E944DE8673B0F2D1603A6FF33B18B8192,7F1AC595029AB125E5E424C8486211C3944DE8673B0F2D1603A6FF33B18B8192
5E2005CD9B113E14598D2B4064CC60924E8EAF897C638D519710B1691121F8CB,A555237261EF86B3EDC57B6EE75EC2064E8EAF897C638D519710B1691121F8CB
9C15376DC3897C5C13949B1D9C4019B7CED92D38D8FEC10F1DA779DFA44F8BBE,44A2570205776DA4FEB0993311D90D45CED92D38D8FEC10F1DA779DFA44F8BBE
CF07683475C3B64E2EEF78F3155894130C0A7566915F4F24853FC4192689AA7E,7E19A1F4FAF7C16568C7B5CB7E1638F60C0A7566915F4F24853FC4192689AA7E
68BED111C384B490A5E030C0A2CFBDB088F028CC6F1743E8F86DC9742AE6A845,5D81A4104942960B8B8B4534F01642CC88F028CC6F1743E8F86DC9742AE6A845
A96DCDF653D46D37F4369BDE42D19CC522F112832359BA4C98397B3401367FCE,0BB7769748EA11606FDBE7B3FE324FC822F112832359BA4C98397B3401367FCE
8C7008C971B05EC0F49776702AA7EA25015E31933548461020E2BA448E85995E,D432A1501FCE4222606899CF280F28625A66B9200F29AC3FA0AE244CC2A51B39
2940E05B18A8D5DE86A6BB7A86074F12933596B8ED665B3C5C6ED32079B2D20E,883FD97C24877509B0A0FC212524F376933596B8ED665B3C5C6ED32079B2D20E
416E3252542209BD9606A9873894A0328B10A9280BD46B8874AF9B5CADEC91D5,65CD9A1F85BA5A1DC2A60FBAF9B287158B10A9280BD46B8874AF9B5CADEC91D5
FA1DF6A62D25C0B6DC83C77596BDB59885AE750AD1DBDC5C2703BCFE97E77152,328474A8DA48247E836E5AFBBFEF1E2C85AE750AD1DBDC5C2703BCFE97E77152
CE3AC45CBD0A4A49CBD18825F3BA63B0DE03BEFFEED9DA5F3639A621BCAB5DD4,24B1BA8094A376522DD848D94D6F1550DE03BEFFEED9DA5F3639A621BCAB5DD4
0774DE96C3216DD369E7CB69A9E335810EAC690D7059A8DE4B48E90F14510391,74F7F7A0925403A4E18428FE0E1ACA828D2355364E9A2BA1F82F975414937B43
6C433F7F74DCDF440A03FD6E66D905FE50285433069B9FAF53C900CD2642FA9D,8D58E229F96B40290D82AF4AEBF7D75650285433069B9FAF53C900CD2642FA9D
648CD77760CF09EAD936FF88394652AB11F9E78E4899A78DEDD439FC583B6693,483FEFD5A1BA14B591306A52A16283E205A70454516ECD9194C293B0E415777F
8E9EC37D2E0D3BD55E67414D227787D97A06AD497A8FB70EA0A3CF08543FB1E4,4376CDF5255F7063237F97A00EA690877A06AD497A8FB70EA0A3CF08543FB1E4
291EF0721EA352AE7390F7CF903AF2ADB4D8C3B407F932AE5DDE930628585E1D,ECE4055A2AF602F456D8473C886D6516B4D8C3B407F932AE5DDE930628585E1D
EC6E8EE5E778704EA7ED6726C701DABD77143919D1234297079F075357988F3B,DB4937131CC06367DFD6FE29889918DE5043553B7018EB5255510C3B9D2C8C88
E3E1007A25A1CF5BD99A70AAA92C32C0F9322B146574D9DA9AD32AD879AD373B,44752F3346D475E15FF5224DAD56F2484EE7DA9A70026F945C33F970F6C2228A
CEAE9072F384B60982BA6611C5877F58B5B0DB7F3A77CA4FCF9ECA57AA7181CA,AEE9015AB2EF4B484CE07E3FC9DB6EAAB5B0DB7F3A77CA4FCF9ECA57AA7181CA
B81A37C9689A1FB3DC2FDD1823624ADBE61EAA38AED621DD776D0E67CFEEE366,8E217C348CEF721F46DEEF832443A30FE61EAA38AED621DD776D0E67CFEEE366
0C2615385364E386041D54E64AC80B714454C95CA2B2B298057CBCB3BDCBB566,5E8FFDC5EFA31D99331914F69BFB26794454C95CA2B2B298057CBCB3BDCBB566
672DC39C5A7E689751A440228A8C7208C8194823937CBAFCFCEF5B0C21DE59BD,338D2E7C0F39116C8A0E9441D3B2AC66C8194823937CBAFCFCEF5B0C21DE59BD
23CE13EC88E74A6D9CD99006BDABFF3C9813B270ED0288E7C0388F0FD4EC68F5,39071D4C575BDC0CF64C89FC4C08B2379813B270ED0288E7C0388F0FD4EC68F5
75AABEE375AB497035D60AC0CB7A534DD9A5CF487C8317DBA2CC8FAFCF8A18A8,39B6E4486066AF4C53B099D6425E7882D9A5CF487C8317DBA2CC8FAFCF8A18A8
3C1E4EA9A634ABB740F9B7DC14867F86A9813E9550FEE3110373C21FA012EEE7,A54A4E497315FFB5E0DB3A95705D136FA9813E9550FEE3110373C21FA012EEE7
C61B930C87C55789B593362894D6DBBBDB5F9F42A7157ABE65BB145000B5871A,236813F9BB3DD7A5E01D4DD4249C2956DB5F9F42A7157ABE65BB145000B5871A
E4934A04BC8E738A2C45510E2028DFB7B2330FC4531DE135266DE49078C270DD,7C4BF29EA62C980F69641862EDEBAD4EB2330FC4531DE135266DE49078C270DD
43F3C5904355CFDAA5515C1E01DA7A91265C2B6A26807154013753637B68D01D,4B4C7CD7642D93DDF7B291DEE79B2E71265C2B6A26807154013753637B68D01D
18F4A9622608A6ACA2AC3F086EDAB8DFDEF7924E3199BE5E18060BB3E1D547A7,EABD37CE4BE632B0A502F1D49F7026ADDEF7924E3199BE5E18060BB3E1D547A7
E601AF3F6BC23C78EE71DFE7BF6EDC8AD14FE370BDF1664C34B258D65F8D3507,1604CF768B68F09892A58CDC436969005E5DD00D770EF3E9154A4257EDCB80B8
B7877B9B5B50579D49E435296C6DEBEAD563CB0699FBE7BC92D64815915918CD,F36434312583A9EB82A509BDC20144F6D563CB0699FBE7BC92D64815915918CD
5F61F8C059AC6BF79544136EEE8BE78B265C2B6A26807154013753637B68D01D,F26F24BBFE583CC82E5D63A07080D14D265C2B6A26807154013753637B68D01D
